<?xml version="1.0" encoding="UTF-8"?>
<!DOCTYPE mapper PUBLIC "-//mybatis.org//DTD Mapper 3.0//EN"
        "http://mybatis.org/dtd/mybatis-3-mapper.dtd">

<mapper namespace="com.devoops.rentalbrain.customer.customerlist.query.mapper.CustomerlistQueryMapper">

    <select id="selectCustomerKpi" resultType="com.devoops.rentalbrain.customer.customerlist.query.dto.CustomerKpiDTO">
        SELECT
                (SELECT COUNT(*) FROM customer WHERE is_deleted = 'N') AS totalCustomers,
                (SELECT COUNT(*) FROM customer c JOIN segment s ON c.segment_id = s.id WHERE s.name = 'VIP 고객' AND c.is_deleted = 'N') AS vipCustomers,
                (SELECT COUNT(*) FROM customer c JOIN segment s ON c.segment_id = s.id WHERE s.name = '이탈 위험 고객' AND c.is_deleted = 'N') AS riskCustomers,
                (SELECT COUNT(*) FROM customer c JOIN segment s ON c.segment_id = s.id WHERE s.name = '블랙리스트 고객' AND c.is_deleted = 'N') AS blacklistCustomers
    </select>

    <select id="selectCustomerList" resultType="com.devoops.rentalbrain.customer.common.CustomerDTO">
        SELECT
        A.id,
        A.customer_code AS customerCode,
        A.name,
        A.in_charge AS inCharge,
        A.dept,
        A.call_num AS callNum,
        A.phone,
        A.email,
        A.business_num AS businessNum,
        A.addr,
        A.memo,
        A.is_deleted AS isDeleted,
        C.name AS segmentName,
        B.name AS channelName,
        (SELECT MIN(start_date) FROM contract WHERE cum_id = A.id) AS firstContractDate,
        COALESCE((SELECT SUM(total_amount) FROM contract WHERE cum_id = A.id), 0) AS totalTransactionAmount,
        (SELECT COUNT(*) FROM contract WHERE cum_id = A.id) AS contractCount
        FROM customer A
        LEFT JOIN channel B ON A.channel_id = B.id
        LEFT JOIN segment C ON A.segment_id = C.id
        <where>
            <choose>
                <when test="status == 'ACTIVE'">
                    AND A.is_deleted = 'N'
                </when>
                <when test="status == 'INACTIVE'">
                    AND A.is_deleted = 'Y'
                </when>
            </choose>
            <if test="name != null and name != ''">
                AND (A.name LIKE CONCAT('%', #{name}, '%') OR A.in_charge LIKE CONCAT('%', #{name}, '%'))
            </if>
            <if test="segments != null and segments.size > 0">
                AND C.name IN
                <foreach item="seg" collection="segments" open="(" separator="," close=")">
                    #{seg}
                </foreach>
            </if>
        </where>
        ORDER BY A.id DESC
        LIMIT #{amount} OFFSET #{offset}
    </select>

    <select id="selectCustomerCount" resultType="long">
        SELECT COUNT(*)
        FROM customer A
        LEFT JOIN segment C ON A.segment_id = C.id
        <where>
            <choose>
                <when test="status == 'ACTIVE'">
                    AND A.is_deleted = 'N'
                </when>
                <when test="status == 'INACTIVE'">
                    AND A.is_deleted = 'Y'
                </when>
            </choose>
            <if test="name != null and name != ''">
                AND (A.name LIKE CONCAT('%', #{name}, '%') OR A.in_charge LIKE CONCAT('%', #{name}, '%'))
            </if>
            <if test="segments != null and segments.size > 0">
                AND C.name IN
                <foreach item="seg" collection="segments" open="(" separator="," close=")">
                    #{seg}
                </foreach>
            </if>
        </where>
    </select>

    <select id="selectCustomerDetail" resultType="com.devoops.rentalbrain.customer.customerlist.query.dto.CustomerDetailResponseDTO">
        SELECT
            A.id,
            A.customer_code AS customerCode,
            A.name,
            A.in_charge AS inCharge,
            A.dept,
            A.call_num AS callNum,
            A.phone,
            A.email,
            A.business_num AS businessNum,
            A.addr,
            A.memo,
            A.is_deleted AS isDeleted,
            C.name AS segmentName,
            B.name AS channelName,
            (SELECT MIN(start_date) FROM contract WHERE cum_id = A.id) AS firstContractDate,
            COALESCE((SELECT SUM(total_amount) FROM contract WHERE cum_id = A.id), 0) AS totalTransactionAmount,
            (SELECT COUNT(*) FROM contract WHERE cum_id = A.id) AS contractCount
        FROM customer A
                 LEFT JOIN segment C ON A.segment_id = C.id
                 LEFT JOIN channel B ON A.channel_id = B.id
        WHERE A.id = #{id}
    </select>

    <select id="selectCustomerHistory" resultType="com.devoops.rentalbrain.customer.customerlist.query.dto.CustomerHistoryDTO">
        SELECT type, content, date, performer, status
        FROM (
            SELECT '문의' AS type, title AS content, create_date AS date, (SELECT name FROM employee WHERE id = emp_id) AS performer, status FROM customer_support WHERE cum_id = #{customerId}
            UNION ALL
            SELECT '견적', summary, counseling_date, counselor, '완료' FROM quote WHERE cum_id = #{customerId}
            UNION ALL
            SELECT '계약', name, start_date, '', status FROM contract WHERE cum_id = #{customerId}
            UNION ALL
            SELECT 'AS/점검', contents, due_date, engineer, status FROM after_service WHERE cum_id = #{customerId}
            UNION ALL
            SELECT '피드백', title, create_date, (SELECT name FROM employee WHERE id = emp_id), CAST(star AS CHAR) FROM feedback WHERE cum_id = #{customerId}
            ) combined_history
        ORDER BY date DESC
    </select>

    <select id="selectSupportList" resultType="com.devoops.rentalbrain.customer.customersupport.query.dto.CustomersupportDTO">
        SELECT
            CS.id,
            CS.customer_support_code AS customerSupportCode,
            CS.title,
            CS.content,
            CS.status, -- 프론트에서 변환 예정
            CS.create_date AS createDate,
            CS.action,
            SC.name AS categoryName,
            CH.name AS channelName,
            E.name AS empName
        FROM customer_support CS
                 LEFT JOIN support_category SC ON CS.category_id = SC.id
                 LEFT JOIN channel CH ON CS.channel_id = CH.id
                 LEFT JOIN employee E ON CS.emp_id = E.id
        WHERE CS.cum_id = #{customerId}
        ORDER BY CS.create_date DESC
    </select>

    <select id="selectQuoteList" resultType="com.devoops.rentalbrain.business.quote.query.dto.QuoteQueryResponseDTO">
        SELECT
            Q.id AS quoteId,
            Q.quote_code AS quoteCode,
            Q.counseling_date AS quoteCounselingDate,
            Q.counselor AS quoteCounselor,
            Q.summary AS quoteSummary,
            CH.name AS channelName
        FROM quote Q
                 LEFT JOIN channel CH ON Q.channel_id = CH.id
        WHERE Q.cum_id = #{customerId}
        ORDER BY Q.counseling_date DESC
    </select>

    <select id="selectContractList" resultType="com.devoops.rentalbrain.business.contract.query.dto.AllContractDTO">
        SELECT
            id,
            contract_code,      -- AllContractDTO 필드명: contract_code
            name AS conName,    -- AllContractDTO 필드명: conName
            status,             -- AllContractDTO 필드명: status
            start_date,         -- AllContractDTO 필드명: start_date
            contract_period,    -- AllContractDTO 필드명: contract_period
            monthly_payment     -- AllContractDTO 필드명: monthly_payment
        FROM contract
        WHERE cum_id = #{customerId}
        ORDER BY start_date DESC
    </select>

    <select id="selectAsList" resultType="com.devoops.rentalbrain.product.maintenance.query.dto.AfterServiceDetailDTO">
        SELECT
            id,
            after_service_code, -- AfterServiceDetailDTO 필드명: after_service_code
            type,
            status,
            due_date AS dueDate, -- AfterServiceDetailDTO 필드명: dueDate (camelCase)
            engineer,           -- AfterServiceDetailDTO 필드명: engineer
            contents            -- AfterServiceDetailDTO 필드명: contents
        FROM after_service
        WHERE cum_id = #{customerId}
        ORDER BY due_date DESC
    </select>

    <select id="selectFeedbackList" resultType="com.devoops.rentalbrain.customer.customersupport.query.dto.FeedbackDTO">
        SELECT
            F.id,
            F.feedback_code AS feedbackCode,
            F.title,
            F.content,
            F.star,
            F.create_date AS createDate,
            F.action,
            SC.name AS categoryName,
            CH.name AS channelName,
            E.name AS empName
        FROM feedback F
                 LEFT JOIN support_category SC ON F.category_id = SC.id
                 LEFT JOIN channel CH ON F.channel_id = CH.id
                 LEFT JOIN employee E ON F.emp_id = E.id
        WHERE F.cum_id = #{customerId}
        ORDER BY F.create_date DESC
    </select>

    <select id="selectCouponList" resultType="com.devoops.rentalbrain.business.campaign.query.dto.CouponDTO">
        SELECT
            C.name,
            IC.is_used AS status,
            C.rate,
            C.coupon_code AS couponCode
        FROM issued_coupon IC
                 JOIN coupon C ON IC.coupon_id = C.id
        WHERE IC.cum_id = #{customerId}
    </select>

    <select id="selectPromotionList" resultType="com.devoops.rentalbrain.business.campaign.query.dto.PromotionDTO">
        SELECT
            P.name,
            P.status,
            P.promotion_code AS promotionCode
        FROM promotion_log PL
                 JOIN promotion P ON PL.promotion_id = P.id
        WHERE PL.cum_id = #{customerId}
    </select>

    <select id="selectSegmentHistory" resultType="com.devoops.rentalbrain.customer.customersegmenthistory.query.dto.HistoryQueryDTO">
        SELECT
            H.id,
            PS.name AS previousSegmentName,
            CS.name AS currentSegmentName,
            H.reason,
            H.trigger_type AS triggerType,
            H.changed_at AS changedAt
        FROM customer_segment_history H
                 LEFT JOIN segment PS ON H.previous_segment_id = PS.id
                 JOIN segment CS ON H.current_segment_id = CS.id
        WHERE H.customer_id = #{customerId}
        ORDER BY H.changed_at DESC
    </select>

    <select id="CustomerContractList"
            parameterType="map"
            resultType="com.devoops.rentalbrain.customer.customerlist.query.dto.CustomerContractDTO">

        SELECT
        c.id             AS customerId,
        c.customer_code  AS customerCode,
        c.name           AS customerName,
        c.in_charge      AS inCharge,
        s.name           AS segmentName
        FROM customer c
        LEFT JOIN segment s ON c.segment_id = s.id
        WHERE c.is_deleted = 'N'
        AND <![CDATA[ c.segment_id <> 6 ]]>

        <if test="criteria.keyword != null and criteria.keyword != ''">
            AND (
            c.customer_code LIKE CONCAT('%',#{criteria.keyword},'%')
            OR c.name LIKE CONCAT('%', #{criteria.keyword}, '%')
            OR c.in_charge LIKE CONCAT('%', #{criteria.keyword}, '%')
            )
        </if>

        ORDER BY c.id DESC
        LIMIT #{criteria.amount}
        OFFSET #{criteria.offset}
    </select>
    <select id="CustomerContractListCount"
            parameterType="map"
            resultType="long">

        SELECT COUNT(*)
        FROM customer c
        WHERE c.is_deleted = 'N'
        AND <![CDATA[ c.segment_id <> 6 ]]>

        <if test="criteria.keyword != null and criteria.keyword != ''">
            AND (
            c.name LIKE CONCAT('%', #{criteria.keyword}, '%')
            OR c.in_charge LIKE CONCAT('%', #{criteria.keyword}, '%')
            )
        </if>
    </select>
</mapper>